{
  "framework": "Field-Aware Cosmology",
  "phase": 2,
  "concept": "Time resistance enables memory persistence",
  "field_size": [
    256,
    128
  ],
  "parameters": {
    "alpha": 0.15,
    "beta": 0.08,
    "kappa": 1.2,
    "psi_0": 0.5
  },
  "simulation_time": 0.6064817905426025,
  "pulse_events": [
    [
      "instant",
      50,
      42,
      0.4
    ],
    [
      "transition",
      100,
      128,
      0.4
    ],
    [
      "delayed",
      150,
      213,
      0.4
    ]
  ],
  "final_measurements": {
    "compression": {
      "instant": 6.039816135167429e-17,
      "transition": 2.600155213593277e-16,
      "delayed": 1.639072708614391e-11
    },
    "memory_density": {
      "instant": 3.302097157800558e-19,
      "transition": 1.4875866672779443e-18,
      "delayed": 7.41029351293135e-13
    }
  }
}