{
  "field_size": [
    512,
    256
  ],
  "parameters": {
    "alpha": 0.15,
    "beta": 0.08,
    "kappa": 1.2,
    "psi_0": 0.5
  },
  "cores_used": 8,
  "pulse_info": {
    "step": 20,
    "position": [
      256,
      128
    ],
    "strength": 0.6
  },
  "simulation_time": 1.1417319774627686,
  "final_metrics": {
    "compression": 134685289.54888558,
    "total_deviation": 779180678722.2891,
    "max_value": 0.9457757270110773,
    "final_energy": 1.729151538921483e+21
  }
}